0.000000000000000000e+00,0.000000000000000000e+00,4.000000000000039635e-02,4.000000000000037553e-02
1.833109307124087043e-04,8.166441873712628158e-05,9.286257392025029265e-05,6.507507686297988106e-03
3.331981706300005705e-04,2.921412684897670812e-05,3.432972990151679353e-05,4.214821022948032209e-02
1.202405212691150450e-04,1.383029761140922834e-04,5.696410314435746081e-05,4.139872702709746638e-02
1.458994038585551933e-04,1.033238104817441229e-04,1.051282705107652911e-04,4.336304721697661207e-02
9.179819209453986414e-05,1.903104220812575716e-04,1.128440123854062508e-04,3.624584155335085212e-02
9.386430789926182648e-05,1.552270253309838074e-04,1.169788101532376177e-04,3.136571097535772318e-02
7.836814615663873179e-05,1.588295563210098823e-04,1.059753616983859649e-04,2.516783719241036041e-02
7.514748481546892987e-05,1.292516600591644570e-04,9.389701830722681371e-05,2.056224217415989972e-02
6.969481784271270187e-05,1.142885039399461563e-04,7.949625292457112441e-05,1.638636492126386429e-02
6.889366662196370395e-05,9.152089532731921915e-05,6.728012860934534775e-05,1.324600122611390048e-02
6.651868227544243067e-05,7.731925882969931444e-05,5.654810001907127365e-05,1.068268327905495113e-02
6.552518698787455919e-05,6.376196341822430919e-05,4.824953534014423545e-05,8.771368272703338950e-03
6.476399609297691707e-05,5.451718836927263369e-05,4.178542181882275098e-05,7.276024072297894961e-03
6.346217348469394641e-05,4.639751274422873839e-05,3.697660705790192559e-05,6.155713374864877144e-03
6.023094887965704217e-05,4.083574166462820848e-05,3.313027972147141858e-05,5.268057727664050144e-03
5.850934086190363566e-05,3.780348113078587779e-05,3.014706358624436773e-05,4.579232929437751509e-03
5.685181865935570733e-05,3.510431546621592256e-05,2.778942384244874889e-05,4.025205437488313387e-03
5.507892327358090333e-05,3.241516926778168319e-05,2.584858462819368582e-05,3.576069187613554329e-03
5.273181476622509656e-05,3.055523791748929316e-05,2.428646659135789762e-05,3.209767020513433922e-03
5.263903365924292962e-05,2.907885273151035780e-05,2.299992579389507208e-05,2.906354547049629870e-03
5.237676764608852200e-05,2.752421647710287151e-05,2.191483143578655947e-05,2.651490463473307746e-03
5.092836262303683385e-05,2.718588931850018697e-05,2.101476664707662491e-05,2.437987735343724680e-03
5.158100435560267015e-05,2.561475521731995783e-05,2.027892680064647307e-05,2.258378706719305594e-03
5.109536663630043251e-05,2.462657634655430450e-05,1.967141644568474532e-05,2.109325474594962724e-03
5.024855540582853059e-05,2.442384449816999877e-05,1.915459722157032712e-05,1.978873035047272726e-03
4.933980822974762422e-05,2.436536360384663474e-05,1.869603196769551129e-05,1.865714497815675705e-03
5.027154148029955007e-05,2.356265698438842005e-05,1.832391068359334564e-05,1.768419308031885613e-03
5.061107434231396221e-05,2.321886026391511333e-05,1.802153576865300004e-05,1.685374044870229827e-03
5.141818537267638458e-05,2.214284723665229735e-05,1.773116640464588153e-05,1.609526836368508100e-03
5.117474601186797748e-05,2.215612353658348899e-05,1.748873025036131227e-05,1.543631264133254501e-03
5.136883073314647802e-05,2.195235926445736531e-05,1.724881247563268233e-05,1.483220887548217801e-03
5.078679466444811411e-05,2.197304945953618233e-05,1.704999287572437825e-05,1.431152537790519787e-03
5.078247440118469996e-05,2.153689199079619949e-05,1.688187175718706387e-05,1.384849166101695828e-03
5.052593000801429261e-05,2.151084339309700488e-05,1.672244074052025881e-05,1.343295507051382644e-03
5.047128636068887620e-05,2.136092530343957442e-05,1.656472133368283071e-05,1.303704073659466478e-03
5.178211543276229343e-05,2.151519600322758787e-05,1.643073575854728534e-05,1.268831967163189592e-03
5.267689022012162642e-05,2.141595783412056557e-05,1.630067339881655661e-05,1.236218675068681159e-03
5.370333838286905172e-05,2.128582695852481414e-05,1.618311634163419982e-05,1.206366143856457511e-03
5.241185586386163081e-05,2.155664170560428133e-05,1.609509027805406945e-05,1.180697162509536510e-03
5.211556564056009827e-05,2.063174373633258030e-05,1.598514833361951011e-05,1.153948232012248082e-03
5.179622568357310398e-05,2.120264212704852579e-05,1.589248395702710169e-05,1.130753888054550002e-03
5.269673991412995726e-05,2.040385480277811554e-05,1.581912494879108235e-05,1.110347279042835523e-03
5.188882317157897134e-05,2.163680135796448406e-05,1.574679396778044216e-05,1.089695248511272875e-03
5.101482226203884953e-05,2.101905547791538281e-05,1.568066152473274728e-05,1.071600300759787327e-03
5.136659468692497779e-05,2.155684568479027425e-05,1.559966704678940761e-05,1.053807868586172525e-03
5.237869693399627109e-05,2.178124407231022807e-05,1.553740615396840543e-05,1.038122895549321812e-03
5.156677476611537942e-05,2.119811539048659384e-05,1.546793928738755025e-05,1.022832903211971789e-03
5.123453936398833183e-05,2.200693476693577094e-05,1.541091502152710127e-05,1.008988660163993942e-03
5.255592559799304091e-05,2.201033622601832461e-05,1.535692825571731068e-05,9.960378744627627987e-04
5.204536925897878879e-05,2.031598209453173385e-05,1.532771153485759495e-05,9.844416219636764869e-04
5.141960733018487839e-05,2.029401556264485076e-05,1.527960278997125208e-05,9.723258046748175674e-04
5.132801319248919550e-05,1.981143626710053023e-05,1.524519702422782175e-05,9.612507885053085460e-04
5.178151605458044762e-05,1.972211306253286565e-05,1.523343190277920299e-05,9.523567292829898060e-04
5.134361385309377604e-05,1.963099211989737853e-05,1.519809446182570840e-05,9.426074165148717833e-04
5.151606074308918753e-05,1.969287499318346244e-05,1.515282760738732009e-05,9.331173133541502624e-04
5.116528318797852851e-05,1.991873927216755214e-05,1.513051764092836913e-05,9.260970887559801792e-04
5.182101392469280347e-05,1.957839795783341237e-05,1.511936474915301603e-05,9.195759519576247659e-04
5.109208150364265267e-05,2.017441438947436462e-05,1.509001428411790453e-05,9.120256755610965486e-04
5.010715589572522290e-05,2.001752349107242213e-05,1.503474607081204526e-05,9.035892490567245692e-04
5.066504567666139079e-05,1.993053645409553209e-05,1.499656098356813141e-05,8.961539200688044661e-04
5.102799881593456072e-05,1.984720880665995923e-05,1.496614295162136580e-05,8.892107934504849811e-04
5.093371944577957782e-05,1.959403343528176063e-05,1.494312395617961439e-05,8.832413677950137331e-04
5.140771345406402706e-05,1.948885144999550452e-05,1.491132614129101651e-05,8.767576838269775007e-04
5.104195619967933338e-05,1.997824773490916635e-05,1.488802248425226869e-05,8.708877465485675247e-04
5.196143768224213997e-05,1.975790847196989009e-05,1.488635190894839053e-05,8.666046665885910596e-04
5.212535937406133205e-05,1.936917836910304047e-05,1.487628942543503723e-05,8.623028109337518019e-04
5.189128327619840536e-05,1.942975903751925263e-05,1.486382141021162297e-05,8.576323838382571762e-04
5.102526904404064737e-05,1.983397102601090883e-05,1.486783505705062778e-05,8.538976314410587831e-04
5.241524655722948605e-05,1.974107940998816381e-05,1.485063927286186524e-05,8.497071087386487290e-04
5.294778457043878802e-05,1.923370023852468311e-05,1.483381738113701479e-05,8.451604242412574320e-04
5.312793100386231589e-05,1.965167122758351354e-05,1.481435643559225775e-05,8.407384853057587410e-04
5.301735643099146275e-05,1.968515583571799256e-05,1.480023355156386690e-05,8.368098520523481552e-04
5.327231994233731349e-05,1.941383410242573801e-05,1.480533119772922329e-05,8.345958046936880273e-04
5.339635871159117384e-05,2.001776712729422863e-05,1.478288376320587985e-05,8.305255806634543117e-04
5.404575838185700322e-05,1.957134008394954337e-05,1.476922848791478169e-05,8.265214474537044970e-04
5.441369195248272754e-05,1.946703513846677054e-05,1.475944905511598534e-05,8.231917919257092809e-04
5.317895165179391921e-05,1.922487885838611543e-05,1.474138735591308202e-05,8.198170485210302125e-04
5.452212698956555512e-05,1.934647878674604978e-05,1.474164861714084897e-05,8.170413631348849137e-04
5.493080049498835408e-05,1.951742589384541121e-05,1.474553725859442480e-05,8.141859272500004538e-04
5.525261947558712491e-05,1.902345995119735544e-05,1.475099510481196993e-05,8.122827506872502086e-04
5.527118798589292459e-05,1.874361285305595535e-05,1.474957920236458663e-05,8.100232057005479509e-04
5.535586058863611441e-05,1.929817466381186355e-05,1.474037336268198950e-05,8.074075592465581371e-04
5.372533280649276417e-05,1.952155637473436140e-05,1.474378870275667663e-05,8.058609191615544176e-04
5.427480398139249721e-05,1.912754316698791774e-05,1.474481726719927542e-05,8.040553173047305848e-04
5.440925407763978040e-05,1.912965214523060508e-05,1.475075247424950674e-05,8.024544208403084277e-04
5.456310383802704322e-05,1.912691761655822451e-05,1.475381823977469197e-05,8.009010303386611841e-04
5.364278101444116176e-05,1.917848800107108665e-05,1.475436572908030912e-05,7.991227256881777187e-04
5.269773048449963797e-05,1.943201656737642070e-05,1.473415899234544947e-05,7.962746245819476033e-04
5.376180825719931763e-05,2.007011258275677611e-05,1.474135929655697049e-05,7.948439567321150196e-04
5.364679055836759036e-05,1.954599540936976493e-05,1.474597639662585260e-05,7.932980618072615724e-04
5.311177217716017186e-05,1.977584298313051782e-05,1.475041442228480663e-05,7.916858887786843097e-04
5.297725887688029808e-05,1.944164411273348930e-05,1.476012838794987131e-05,7.901051992110111159e-04
5.326926186270870313e-05,1.895576226055927611e-05,1.475751584586971346e-05,7.880936603539866799e-04
5.334584794912627763e-05,1.885752273782124934e-05,1.475353634100599517e-05,7.858968087489200593e-04
5.433257572924777158e-05,1.937333388193912751e-05,1.473002325716002356e-05,7.827297671132527144e-04
5.611563381119625600e-05,1.949094782955413974e-05,1.473432437019205265e-05,7.819006270428980514e-04
5.654442882601043332e-05,1.931383069618335216e-05,1.475231583843994409e-05,7.816640935594023612e-04
5.557341407615433741e-05,1.872555419722507242e-05,1.474672284203015633e-05,7.802086134005223328e-04
5.546740119651844675e-05,1.943694829136811389e-05,1.474959974822980568e-05,7.794840301590407307e-04
5.540826499148183043e-05,1.963683243442506770e-05,1.476544557048841364e-05,7.785704570774025328e-04
5.580971345602778438e-05,1.967339582084011020e-05,1.476928455727144693e-05,7.770412788345484574e-04
5.565088845156807701e-05,1.941424146198678229e-05,1.478048377499966319e-05,7.765936867331921321e-04
5.635082074256197434e-05,1.957415734631130303e-05,1.478482458909737960e-05,7.755682693031453476e-04
5.569048853264384007e-05,2.004155764790257617e-05,1.478921780114397897e-05,7.748848314157269447e-04
5.605278722884504369e-05,1.955560922246368723e-05,1.478808648274768849e-05,7.729890669420970157e-04
5.607982027680031732e-05,1.927724791083085652e-05,1.480285169684542473e-05,7.721867439935913534e-04
5.518027036794265092e-05,1.938922271532240459e-05,1.482319579254895083e-05,7.719633581220643062e-04
5.551100995661746438e-05,1.936363260921758117e-05,1.483075597286333273e-05,7.709720749453847274e-04
5.450640892487952958e-05,1.942978507797490258e-05,1.483379442153214353e-05,7.697689757168946429e-04
5.387835564504436737e-05,1.919203664245354204e-05,1.483340606864245133e-05,7.690508129392858386e-04
5.413490493621443060e-05,1.925603255928860530e-05,1.483957198589092248e-05,7.684376961207085638e-04
5.392575873578419194e-05,1.897535737473175367e-05,1.485012883317158538e-05,7.683455331445473123e-04
5.399915091978691053e-05,1.925034875840663532e-05,1.486860250018085212e-05,7.682726855481051198e-04
5.480442592455395996e-05,1.957617187695367939e-05,1.487507369435569430e-05,7.679573986114609976e-04
5.615182159151060253e-05,1.986343425531175610e-05,1.487268085500693004e-05,7.670278411997819099e-04
5.696215208099169485e-05,2.018347759712777991e-05,1.486506740122454420e-05,7.660504379381004965e-04
5.658813993253626243e-05,1.947562769529259961e-05,1.485648604840370371e-05,7.644929789547665056e-04
5.663428240727962955e-05,1.968810278590019512e-05,1.486084949486458204e-05,7.636400919202607912e-04
5.705666539522180185e-05,1.944512107721052801e-05,1.487094191478635786e-05,7.632169838101883095e-04
5.745680080739901037e-05,1.926275332034484798e-05,1.486836322860404867e-05,7.624671763483663193e-04
5.815001446368445198e-05,1.901266773507847977e-05,1.488435875971951316e-05,7.628197442978388318e-04
5.758655263553085038e-05,1.941782303538063930e-05,1.488461133306483201e-05,7.625493590504080644e-04
5.547386598586961129e-05,1.957211019976556069e-05,1.488958931806013863e-05,7.622581637504128932e-04
5.609310942439662688e-05,1.948212853793773733e-05,1.488016165601229986e-05,7.612205602662712629e-04
5.636340516758085750e-05,1.973473435910768408e-05,1.488455553512435199e-05,7.610152937297111038e-04
5.666533522631037479e-05,1.969848046958273298e-05,1.489767839972861159e-05,7.608730177972803776e-04
5.682643446780607979e-05,1.931941188673447262e-05,1.490916753658982493e-05,7.604644173440803850e-04
5.588581383131735041e-05,1.915161247135095939e-05,1.491290890542610880e-05,7.598550151839103713e-04
5.641322712933283500e-05,1.943665346582323963e-05,1.493244596119886950e-05,7.595560995622087277e-04
5.685854810252107574e-05,1.892449535820517608e-05,1.494991573267617931e-05,7.598071367991851913e-04
5.659986456928780283e-05,1.941391009984288170e-05,1.494778330731482347e-05,7.590795212505850815e-04
5.653087597331986363e-05,1.954709116080301150e-05,1.495301336111355186e-05,7.590734496688222258e-04
5.716194821389628043e-05,1.969415494524829393e-05,1.495930855707274540e-05,7.586261722119630978e-04
5.729800074314020847e-05,1.954640697311543063e-05,1.497353173941245244e-05,7.588231311728285081e-04
5.816172020669595173e-05,1.962244862345087758e-05,1.498613991726189606e-05,7.587039687525186371e-04
5.796524346830160215e-05,1.996660005933029359e-05,1.499379198604544232e-05,7.583802976969024074e-04
5.864964433159907591e-05,1.961432009340208688e-05,1.500690288557321306e-05,7.583035019427605697e-04
5.873438418339557661e-05,1.986682218230743769e-05,1.502322072284711596e-05,7.590437100002869059e-04
5.895258241073780196e-05,1.993997360261808867e-05,1.503712186149989173e-05,7.590291996126618352e-04
5.970349272531474640e-05,1.980288544992082710e-05,1.504857570032111840e-05,7.590202199835801872e-04
5.954690380079620261e-05,2.003905874776445114e-05,1.507340961935644398e-05,7.597555868255588280e-04
5.995896902092654688e-05,1.946512496291358000e-05,1.508089119991743308e-05,7.594978347342788054e-04
5.922692774292556521e-05,1.922502299958347595e-05,1.508937889227141306e-05,7.590611953937478418e-04
5.917159187757520348e-05,2.007729676213980611e-05,1.512071348672688463e-05,7.598534231175036032e-04
6.021041415886486497e-05,1.969543013272671866e-05,1.515497084915823188e-05,7.610000782733893554e-04
5.929057376499982966e-05,1.969856997188412301e-05,1.517912780057878281e-05,7.615236157232921832e-04
5.873624397741729071e-05,1.993645769063905765e-05,1.520289639233473662e-05,7.620958983107641678e-04
5.740174539252532643e-05,1.949528875059238815e-05,1.524070496184980035e-05,7.632978746766754018e-04
5.743608758646655949e-05,1.972010001235867941e-05,1.526276526859756270e-05,7.635526006705798145e-04
5.753290413374092242e-05,1.946452155184546560e-05,1.525550182775344666e-05,7.625600613453666294e-04
5.831038156374461235e-05,1.962450107802324152e-05,1.526984759398692558e-05,7.629493473964991165e-04
5.900798813777866585e-05,1.966186957119084118e-05,1.528187622386024158e-05,7.632033368482034688e-04
5.866368245387137265e-05,1.951825728699531985e-05,1.532082914138237572e-05,7.647593540068620740e-04
5.916198594759376197e-05,1.978390998036437981e-05,1.534873316494793461e-05,7.656205651345265829e-04
6.013625311067729608e-05,1.963158662964749305e-05,1.537873095378049912e-05,7.668983176726591354e-04
6.045635810714427173e-05,1.994467595038954116e-05,1.539609804639659668e-05,7.671161818878775678e-04
6.015406516775944734e-05,2.008861964461812561e-05,1.541414936445883210e-05,7.674008903890465689e-04
6.000928383549621118e-05,2.003513244172257086e-05,1.543121484047470373e-05,7.677998275346162435e-04
6.068856183918618341e-05,2.019505020917341655e-05,1.545495198843890384e-05,7.686528226600671150e-04
5.983910318333206447e-05,1.971325301426301625e-05,1.547463544398603271e-05,7.693957883395043280e-04
5.901962651090100472e-05,2.012081858862011346e-05,1.548851278365274679e-05,7.699144701909546541e-04
5.860241642371622124e-05,1.990068822355889441e-05,1.550382750509013684e-05,7.703401701550786126e-04
5.891360257806439418e-05,2.039802222603793197e-05,1.552479553481324914e-05,7.711317510411818147e-04
5.918233667506630168e-05,2.045024092217641017e-05,1.556232160094459638e-05,7.728034386281629458e-04
5.925917738435529494e-05,2.001372899686076765e-05,1.558071511121711237e-05,7.734783984129939716e-04
6.013150059830760257e-05,2.034249513081801822e-05,1.561365214824755190e-05,7.749454836026314387e-04
6.007594271961235133e-05,2.035283081508450917e-05,1.563306598465197115e-05,7.757892446163265794e-04
6.071911826196276256e-05,1.989936047228790415e-05,1.565197306486458510e-05,7.761853092895289749e-04
6.031109312530036430e-05,1.981378228367842610e-05,1.565514031547307559e-05,7.764160438995248992e-04
5.865459149644123432e-05,2.059086855953649929e-05,1.567686898294979681e-05,7.770133660919388910e-04
5.727122529952605932e-05,2.009246859156224056e-05,1.570644200342912901e-05,7.783447182910160087e-04
5.657973250269633149e-05,2.025776435923917440e-05,1.572580010056096896e-05,7.788927976595706607e-04
5.787589467858968791e-05,1.978683074213597075e-05,1.575629935266971719e-05,7.798137584779433985e-04
5.882020029446646711e-05,1.965902700335737417e-05,1.577626712051994714e-05,7.796313524059699960e-04
5.942919022337820353e-05,1.981046219892731281e-05,1.578066099453127020e-05,7.792495984557238665e-04
6.194800837089791182e-05,2.072493903489964334e-05,1.579179515776187845e-05,7.792492167363866294e-04
6.154832363689521099e-05,2.038755432121968652e-05,1.580721811025889465e-05,7.791652883075473896e-04
6.057399299819584754e-05,2.070210157340916440e-05,1.582707595443542858e-05,7.794799232112431531e-04
5.948802331690486136e-05,2.027545121413003941e-05,1.585765021453593114e-05,7.802331688699467487e-04
5.998987075262031475e-05,2.048782643529958118e-05,1.587286458352613373e-05,7.802847039971423865e-04
6.029746207191342180e-05,2.030851606759104136e-05,1.587723286089573436e-05,7.797862769512805712e-04
6.036043733688506105e-05,2.072717738230473011e-05,1.590927468376104051e-05,7.808224327751385604e-04
5.995349439056575842e-05,2.055771111859746190e-05,1.593323697758555299e-05,7.812972820718506019e-04
6.047603430571452083e-05,2.035820235236423202e-05,1.595775169452332429e-05,7.818778711384919040e-04
5.993786647529501614e-05,2.049508636971084834e-05,1.596257871793292044e-05,7.821713156553556029e-04
5.976914523971323768e-05,2.020473054981646060e-05,1.598628456620558661e-05,7.832638108245143808e-04
6.070454255996267617e-05,2.030964452344271548e-05,1.600688420273824097e-05,7.840638248576483216e-04
6.070507914171244587e-05,2.057513182564581295e-05,1.603771190372563901e-05,7.852977154319586975e-04
6.085267730954650809e-05,2.050684907559494508e-05,1.606415390829339142e-05,7.864674514678456421e-04
5.977983278511046880e-05,2.084493263797818394e-05,1.606272693566624684e-05,7.860812470898892370e-04
5.932071174964749526e-05,2.166348529494649706e-05,1.607632124411892185e-05,7.865583963409871837e-04
5.983424191119097264e-05,2.126847515340348386e-05,1.608714007718442375e-05,7.865963277601127537e-04
5.864055308462945415e-05,2.106263980445545440e-05,1.611324424908944588e-05,7.870982263725284341e-04
5.862802358581520779e-05,2.059813714052365676e-05,1.612179015691911951e-05,7.873418831627879057e-04
5.853726331793529893e-05,2.042496568073682816e-05,1.614718488083454213e-05,7.886814603624292281e-04
5.952848518196074596e-05,2.008619550148713431e-05,1.619175476395396751e-05,7.900360099980010533e-04
6.007344081562786167e-05,2.065933644398446138e-05,1.623792753279971210e-05,7.913109171627924748e-04
6.218136035287002733e-05,2.099285520142670197e-05,1.624264019768146950e-05,7.913094400584673362e-04
6.288881634282330777e-05,2.081196948223132216e-05,1.628919209224689692e-05,7.930008038035731574e-04
6.462976293878659035e-05,2.057200979764560385e-05,1.632639931353026594e-05,7.948179589382485402e-04
6.483838335459320547e-05,2.124819762471745382e-05,1.636692537487540589e-05,7.960530794921750119e-04
6.326719272904024916e-05,2.121520261184794607e-05,1.640389249155928288e-05,7.975223728794634702e-04
6.235377159432114167e-05,2.122791912305786727e-05,1.642935973224004726e-05,7.982342943404668097e-04
6.105705845391181763e-05,2.070238499936526654e-05,1.645584875096753956e-05,7.990127722555357640e-04
6.103959661212677711e-05,2.061634470961240710e-05,1.646198066355967951e-05,7.989223256373950656e-04
6.266820218340696962e-05,2.096301745009455372e-05,1.646801391038828539e-05,7.992258994317999595e-04
6.295711913724068201e-05,2.087532149313980765e-05,1.647259417988270554e-05,7.992699841820251772e-04
6.344276247322493199e-05,2.107696500880123735e-05,1.649003685877220199e-05,7.997496599069695532e-04
6.280652808623258805e-05,2.095258173322147165e-05,1.651109658541553656e-05,8.005638706566148505e-04
6.276651227935679453e-05,2.026758611726808346e-05,1.654057801356415724e-05,8.023141813177370185e-04
6.304603261630240571e-05,2.086312168219523757e-05,1.657133804683292498e-05,8.034169098141638338e-04
6.225761134173153448e-05,2.061312661799712416e-05,1.658651414910998544e-05,8.041229965284671637e-04
6.098360959682880787e-05,2.145364797724824986e-05,1.660907533699364867e-05,8.048891948158093564e-04
6.055079001021977338e-05,2.157545345955158805e-05,1.662788974538580576e-05,8.056065059545046902e-04
6.209414894433823245e-05,2.126796869977616718e-05,1.666166977722798148e-05,8.069450929152657522e-04
6.237226699430134752e-05,2.117551674406017631e-05,1.669519425335259531e-05,8.078990775454648931e-04
6.208796485701592919e-05,2.108913514591908086e-05,1.670934190914620014e-05,8.079783390103101618e-04
6.179852636738033991e-05,2.165111627730714915e-05,1.674137908203637886e-05,8.088306242176467216e-04
6.228965125288022297e-05,2.162722363167990410e-05,1.676598592092700792e-05,8.096791045788298601e-04
6.337581733613729723e-05,2.153770460887000982e-05,1.681392766199364878e-05,8.117259241398765059e-04
6.326452453854832121e-05,2.110956034303359090e-05,1.684764826747075055e-05,8.131225143829990841e-04
6.334259458518225520e-05,2.108889688324349024e-05,1.688304729429785978e-05,8.143773190035303233e-04
6.254686155323207065e-05,2.122053782567164614e-05,1.692502010122248307e-05,8.156947192783783407e-04
6.245793112805192893e-05,2.079127672111708795e-05,1.696275793345154671e-05,8.171126852249321806e-04
6.225683022608734956e-05,2.095376609238174955e-05,1.698809313606058457e-05,8.178625349716623846e-04
6.225123674700401067e-05,2.156672650190036300e-05,1.699880311875234766e-05,8.184619521847454754e-04
6.208954709177456053e-05,2.170217768103176306e-05,1.702326033179496617e-05,8.195003787750177772e-04
6.193284871497117545e-05,2.188731534350472229e-05,1.704278564417632995e-05,8.205197898395467622e-04
6.180080253850477924e-05,2.144989275146366741e-05,1.707114188367309760e-05,8.221113322173501364e-04
6.105739237563103197e-05,2.141893429565353550e-05,1.709825987792720661e-05,8.234618280326857619e-04
6.099338282565267889e-05,2.114616310883983029e-05,1.713350677377339047e-05,8.249344693034014108e-04
6.168814415787614357e-05,2.134134675561104576e-05,1.715107634476867112e-05,8.255916152883529049e-04
6.163986959404279425e-05,2.145533542218781449e-05,1.718051442095187221e-05,8.265904812039099291e-04
6.404480360425266611e-05,2.231767918166379047e-05,1.722134195789085020e-05,8.280778860164582063e-04
6.436985292531503138e-05,2.208670090265719074e-05,1.724352956123386763e-05,8.284299073172028075e-04
6.382668689194968652e-05,2.173543688468251189e-05,1.727838874461510121e-05,8.296013377608260500e-04
6.311398989783391334e-05,2.156391943349120541e-05,1.731370666855144638e-05,8.307597696542800116e-04
6.297193056755056521e-05,2.144187330057791680e-05,1.732855953734464718e-05,8.310556781722392089e-04
6.227549958131022197e-05,2.177867866260487073e-05,1.736317241682298223e-05,8.323997219347397964e-04
6.290537180153634431e-05,2.182049611161159135e-05,1.738909066671876072e-05,8.333233688692660412e-04
6.348327729172193454e-05,2.188400740907207669e-05,1.741561330084125293e-05,8.339166146774792477e-04
6.294575615738606973e-05,2.174317424202055663e-05,1.744101616402185699e-05,8.351236160031143014e-04
6.257713547552864357e-05,2.230053116847948732e-05,1.746561582028971355e-05,8.356250979719201779e-04
6.235682620444033648e-05,2.268709634445215242e-05,1.749183998768018383e-05,8.368545949300188174e-04
6.208850772485070726e-05,2.190702260246266559e-05,1.750491873574891666e-05,8.370091799641530585e-04
6.286741623664979510e-05,2.181188287574124292e-05,1.752761823019356732e-05,8.377767585861888022e-04
6.317128474767183446e-05,2.165481120426128526e-05,1.756089916477030765e-05,8.396683607421570779e-04
6.448472300728661010e-05,2.193152500750856088e-05,1.759898862978554992e-05,8.412506627178546444e-04
6.528928698408894985e-05,2.228945113095289954e-05,1.763395042270778497e-05,8.427132864752833082e-04
6.532780060839225118e-05,2.217089073254598265e-05,1.766874660095667753e-05,8.444474442001934610e-04
6.411263517508537866e-05,2.231675871333819314e-05,1.770458901025508187e-05,8.458007793270481663e-04
6.323383816489364692e-05,2.202922607530855437e-05,1.774643927874883939e-05,8.475599742852177234e-04
6.327984967164592322e-05,2.225665513736700251e-05,1.777694341359668795e-05,8.488763468776673593e-04
6.394911309390816057e-05,2.229960869050390571e-05,1.782901861863774411e-05,8.510228164911243839e-04
6.393205666049019381e-05,2.237239883067062613e-05,1.786899997764925812e-05,8.526238952552009712e-04
6.328360773175577215e-05,2.254841195041990421e-05,1.792786317424628197e-05,8.550754153115200460e-04
6.263562548182749110e-05,2.260369298370906542e-05,1.794931299966283681e-05,8.558224446297860123e-04
6.422393663770398599e-05,2.300612866869246052e-05,1.797200463062266758e-05,8.563878271898496151e-04
6.436592012366015045e-05,2.284450531830026175e-05,1.800639152119538439e-05,8.578697361211217766e-04
6.489382765016395637e-05,2.252851295750288500e-05,1.805447980799510004e-05,8.598772776305494032e-04
6.462873011051061543e-05,2.278388587337718587e-05,1.809154069256287302e-05,8.613122852440384955e-04
6.466460253585381472e-05,2.320322355977529397e-05,1.811510941245608345e-05,8.629038230000584449e-04
6.540709818617833696e-05,2.272511526186997790e-05,1.814835964681013546e-05,8.642262233773528044e-04
6.472471956754527749e-05,2.217758617772595827e-05,1.819156110294447494e-05,8.658999553446180284e-04
6.472997197426323798e-05,2.233043938466945105e-05,1.822851593870667032e-05,8.673679867262790990e-04
6.450764329137490536e-05,2.297755231541172912e-05,1.827774725022982081e-05,8.696481721121550323e-04
6.291863152210608995e-05,2.287648337321530052e-05,1.831007171515432541e-05,8.708769536362286068e-04
6.212900063014430737e-05,2.323144139646426200e-05,1.833628073802151580e-05,8.718541671642082887e-04
6.323672889632055486e-05,2.302020864846903632e-05,1.838065538025873338e-05,8.735177729024501360e-04
6.477792501064823108e-05,2.272055631837331530e-05,1.840940289438402271e-05,8.743790512251740574e-04
6.469070855698032013e-05,2.339590029679495834e-05,1.844548834806620274e-05,8.760266352400443955e-04
6.357983514640623622e-05,2.280890056614306386e-05,1.850149965744282601e-05,8.780501400583267096e-04
6.333127399721710728e-05,2.234796016586917733e-05,1.854729247667595229e-05,8.797556668011028000e-04
6.433684326171517753e-05,2.243820587842323451e-05,1.857570788080576177e-05,8.807367972627685180e-04
6.345529315130633862e-05,2.288922048408022623e-05,1.861579653955473031e-05,8.829540130280408078e-04
6.287455332306590889e-05,2.299008291282235143e-05,1.864686949046930644e-05,8.844875006313027881e-04
6.337722367116634570e-05,2.313865239022957424e-05,1.866266509244872085e-05,8.849669044522726763e-04
6.318324213279883175e-05,2.302411205226267637e-05,1.869283416719091524e-05,8.859366132194244946e-04
6.422512176894201882e-05,2.339999502924390999e-05,1.871495439901449764e-05,8.868270195043550250e-04
6.567447720298888426e-05,2.332682991003520468e-05,1.874851687073158293e-05,8.882251228352184245e-04
6.733325797246953153e-05,2.322550965432679663e-05,1.877843195104715774e-05,8.892000680742050567e-04
6.796859400241912134e-05,2.373609669827770582e-05,1.880679295411890706e-05,8.905199060561364661e-04
6.761748126483179224e-05,2.291907393719370403e-05,1.882281256132220344e-05,8.917889194499829678e-04
6.628514153781057180e-05,2.355371524145657281e-05,1.886571703611751992e-05,8.932703542280431017e-04
6.573594424922558281e-05,2.381497611406700561e-05,1.890411836963262860e-05,8.951791568550830289e-04
6.653796221330191875e-05,2.402273243010078643e-05,1.895912413005110272e-05,8.970050930565197193e-04
6.662403058461097952e-05,2.351429707857490762e-05,1.898735313499469549e-05,8.982018166825088933e-04
6.626020440262223477e-05,2.330586782362389036e-05,1.901802063493300505e-05,8.995963588705873379e-04
6.591901435184401698e-05,2.339608184611175067e-05,1.906411358295091865e-05,9.016329219381814808e-04
6.465342925055078661e-05,2.405091051471810798e-05,1.912334458989883431e-05,9.039781312260410442e-04
6.501992090719871940e-05,2.323125867105088247e-05,1.917157517767996631e-05,9.060098651200255765e-04
6.495138415642626943e-05,2.365486242202654150e-05,1.921706698861530706e-05,9.077433765411425850e-04
6.492461838432617106e-05,2.350185799636770370e-05,1.924366027568552841e-05,9.085749090928092698e-04
6.542867103074575088e-05,2.384964392793050984e-05,1.929379170014746653e-05,9.104230245687238397e-04
6.658665920478258691e-05,2.408873585648453494e-05,1.932892122653420615e-05,9.119105950772383963e-04
6.774575292331978360e-05,2.406518935853523434e-05,1.936081111487850410e-05,9.134407485402156607e-04
6.722424223136314720e-05,2.442597182949025143e-05,1.940400342931459450e-05,9.153378146465615886e-04
6.620173069672873512e-05,2.412077364134083583e-05,1.944544023033807184e-05,9.167928998199065607e-04
6.615292126844721677e-05,2.405013399783030310e-05,1.946864809488818140e-05,9.179087135137972480e-04
6.634874821174921271e-05,2.354832258536778637e-05,1.951795697177340040e-05,9.201874595568595170e-04
6.620529468468024298e-05,2.426532691568773306e-05,1.957262055627758630e-05,9.224965802733064817e-04
6.777968920547367329e-05,2.381670357524517042e-05,1.961119754481378176e-05,9.244258288982333495e-04
6.912011294094738169e-05,2.482202528236817951e-05,1.965221904666058524e-05,9.261539886781936567e-04
6.932686089384379534e-05,2.430590406610992011e-05,1.969935862341185638e-05,9.282608906858583805e-04
6.699432620357618422e-05,2.442138979261966887e-05,1.973381691993665742e-05,9.298021897387494239e-04
6.464037303846145353e-05,2.422169544943010344e-05,1.977236065408144179e-05,9.316594939279267086e-04
6.589700486979413918e-05,2.404770399700365596e-05,1.981142380876027277e-05,9.337935254449644847e-04
6.585411849918782162e-05,2.425967672917096743e-05,1.984068161409337019e-05,9.350079709793761816e-04
6.617368361347442682e-05,2.449269707606933062e-05,1.986731816164822632e-05,9.364911706271226901e-04
6.741144321336189449e-05,2.433431402071118552e-05,1.990835565012553674e-05,9.386668499119467032e-04
6.854641095866288291e-05,2.458939597075881107e-05,1.993618750009011053e-05,9.402487560725076351e-04
6.767685362135079040e-05,2.510358876253055368e-05,1.998334542778888953e-05,9.421192332236590777e-04
6.525976358553242987e-05,2.422428651707889561e-05,2.003048183161701073e-05,9.444126803979761842e-04
6.428880239949204321e-05,2.460225138668414296e-05,2.007423223749660944e-05,9.462067307218237616e-04
6.473982454374303461e-05,2.460938737637661305e-05,2.012773234573124389e-05,9.483066230352862284e-04
6.477436621424931468e-05,2.407251894955995266e-05,2.017540587480505729e-05,9.507808954818748777e-04
6.553588205323893578e-05,2.425145923361514037e-05,2.020995352722536765e-05,9.523967923313228327e-04
6.649492636441226663e-05,2.500828840762813751e-05,2.026245810863814154e-05,9.547370935572521049e-04
6.697308068295566158e-05,2.456606845325819339e-05,2.030653389201982566e-05,9.567833500904219341e-04
6.691741987934962861e-05,2.485583469376261305e-05,2.034627517131540220e-05,9.584990184724493994e-04
6.703829801857306698e-05,2.448346563027258910e-05,2.036872997972983653e-05,9.590269753317985906e-04
6.690146865730864172e-05,2.511865928267202329e-05,2.039715533167334375e-05,9.601541371400930738e-04
6.763720591700143013e-05,2.531769384431490396e-05,2.041561915282717326e-05,9.612070070538906216e-04
6.848042002922401618e-05,2.501354528015525290e-05,2.045505773885759274e-05,9.629346356591467725e-04
6.871307078396300520e-05,2.534624418578536236e-05,2.049861158099815442e-05,9.648387385358223219e-04
7.024177244097199206e-05,2.502749905731574249e-05,2.053916597286348532e-05,9.664118144597847989e-04
7.016214561309860192e-05,2.554536632418762506e-05,2.059857979046133330e-05,9.689246158624284597e-04
6.917643464810226237e-05,2.547635135993479063e-05,2.064474817440799749e-05,9.710540026775947488e-04
6.826324742753777524e-05,2.445870935694834209e-05,2.069300146039730728e-05,9.733848877584791318e-04
6.697955203023562057e-05,2.474465632684244858e-05,2.073148625880053716e-05,9.750609136376862636e-04
6.744791859173991156e-05,2.530474214390340324e-05,2.078006615323320494e-05,9.768569045458060009e-04
6.838196124695644380e-05,2.502460706073872694e-05,2.082665162848223225e-05,9.786929029874965984e-04
6.817943660248810297e-05,2.486548266071886032e-05,2.085228722449301939e-05,9.799836481352247695e-04
6.899869445396000073e-05,2.537149880502567007e-05,2.090384525372322491e-05,9.822606064210231969e-04
6.824671903565660100e-05,2.563864348125079133e-05,2.092985377126285406e-05,9.836057641278179043e-04
6.781520868100322341e-05,2.578480325293680696e-05,2.097061075054659359e-05,9.854559771245330769e-04
6.715364726307287730e-05,2.578757815837454779e-05,2.100519066491361576e-05,9.866114195215402050e-04
6.794495072634647054e-05,2.582894243229545263e-05,2.104722859804990679e-05,9.887301076592076680e-04
6.752350016308003079e-05,2.516755876489786440e-05,2.109552803959844280e-05,9.910465856793845320e-04
6.727855318199600762e-05,2.556654885251556577e-05,2.113177839362158722e-05,9.926818796474998381e-04
6.758510973607830821e-05,2.554763982302906268e-05,2.116033370929668077e-05,9.940911898868021439e-04
6.814603238383760346e-05,2.598861400915766838e-05,2.119933850163970072e-05,9.958055712396332842e-04
6.832788748672738942e-05,2.552008920995214885e-05,2.124229218374357382e-05,9.974464597908632921e-04
6.848954535733970566e-05,2.602098031358523669e-05,2.127611526678134681e-05,9.995514354586743262e-04
6.771569130673882103e-05,2.611094860463147987e-05,2.132337340894060462e-05,1.001493170085827368e-03
6.832794738180492100e-05,2.579978933606733165e-05,2.138794388406209363e-05,1.004621179745789246e-03
6.930088834826901394e-05,2.510856480165317775e-05,2.142530588676653099e-05,1.006076438581333856e-03
6.850500124339062628e-05,2.586909745012189489e-05,2.146956222667380731e-05,1.008118620859875785e-03
6.901170129154525544e-05,2.650921385698414354e-05,2.149918085692176660e-05,1.009142029008540994e-03
6.800712295098950582e-05,2.603470359641042460e-05,2.153508185181371426e-05,1.010723476235996865e-03
6.768881377100025823e-05,2.606767697104929636e-05,2.157304736449357482e-05,1.012305518860694229e-03
6.826496082011998144e-05,2.604166464087985262e-05,2.161688264045859655e-05,1.014187551572287571e-03
6.757302013105643385e-05,2.622056114149277551e-05,2.166105907416709207e-05,1.015802983377670637e-03
6.934641546037731972e-05,2.608898816700802009e-05,2.168562325745793855e-05,1.017363267439381699e-03
7.020523686006336511e-05,2.668144177553232173e-05,2.172733813799638356e-05,1.019566846584424921e-03
7.100216279175762220e-05,2.587401052690745034e-05,2.177254944326411441e-05,1.021630375612012781e-03
7.016381195289138188e-05,2.585337504935284608e-05,2.179426121994899358e-05,1.022490242974782903e-03
6.981542322851792750e-05,2.645077421945006487e-05,2.183384585992742197e-05,1.024359391803727560e-03
7.019506392514839271e-05,2.684221728482675992e-05,2.187249981904646536e-05,1.025961180977021277e-03
7.053457285365542079e-05,2.668908581303174434e-05,2.190638886966613655e-05,1.027290174216683978e-03
6.956742891359776054e-05,2.653439862718341377e-05,2.194726176938042160e-05,1.028606519941494641e-03
6.980216504654520400e-05,2.584298512914001063e-05,2.197771675889260808e-05,1.030098493849860002e-03
6.974502630053407441e-05,2.634907042795992660e-05,2.203754294957047856e-05,1.032859581489516598e-03
6.787090133547881376e-05,2.633070044467122160e-05,2.207985192736739284e-05,1.035302367232247096e-03
6.627429093328563738e-05,2.711762063982165859e-05,2.211792009215515024e-05,1.036922652728551998e-03
6.633374319874702722e-05,2.622831097520490382e-05,2.215275111764770103e-05,1.038532522922477018e-03
6.667456895868419478e-05,2.616013302624327019e-05,2.217175826707240731e-05,1.039302407261754897e-03
6.761486117817534086e-05,2.659232566212546976e-05,2.220231939460982885e-05,1.040473269078228541e-03
6.807598164397375045e-05,2.612520302857787864e-05,2.224800064589490891e-05,1.042619474411991300e-03
6.886002899764768180e-05,2.678197834586333080e-05,2.227487398691968491e-05,1.044101483602955394e-03
6.823505342411568988e-05,2.742659366174820019e-05,2.229385078222508428e-05,1.045117560738191044e-03
6.827533092533720157e-05,2.707124661519799851e-05,2.232334769650124235e-05,1.046777346721959991e-03
6.891979343686833992e-05,2.711604237313862748e-05,2.237500935998038964e-05,1.049526993616254657e-03
6.899946721681115972e-05,2.651636083285075580e-05,2.240845125952710369e-05,1.051247706179165870e-03
7.015312358390124112e-05,2.690030152840973377e-05,2.245593781894535248e-05,1.053371046211983670e-03
6.920406001591802685e-05,2.665865305330147352e-05,2.249469670575429827e-05,1.055055385533504482e-03
6.890748062939164222e-05,2.681556170042680205e-05,2.252442097663176178e-05,1.056337530129453865e-03
6.826063123043801003e-05,2.697483463440051245e-05,2.256605368723721248e-05,1.057765125683353272e-03
6.751141916985470791e-05,2.734585030884170590e-05,2.261723899000131908e-05,1.059718711643224242e-03
6.764430397145738483e-05,2.795103478358445379e-05,2.266216354956019399e-05,1.061646943046438973e-03
6.959393500537044671e-05,2.767893935359193896e-05,2.269098641831086168e-05,1.062418272924314311e-03
6.973708715851015900e-05,2.668272185063032866e-05,2.272816716287789674e-05,1.064110798675723269e-03
6.915531610687865338e-05,2.655941586390124203e-05,2.277179422985265423e-05,1.066428317180806917e-03
6.919380894640510097e-05,2.676580420195151099e-05,2.279482374183531117e-05,1.067722297192780266e-03
6.937129161477353131e-05,2.758302107462569732e-05,2.282792560417219304e-05,1.069492068034242531e-03
6.943861308880789284e-05,2.824935531370705916e-05,2.287410446910868544e-05,1.071459760267005901e-03
6.880181907512996687e-05,2.758046606909848631e-05,2.291819701302599658e-05,1.073432074074413736e-03
6.982771852141761047e-05,2.725212067965128584e-05,2.296267534709112805e-05,1.075603498981479028e-03
7.081003464816037975e-05,2.746576736333968899e-05,2.300990567053084587e-05,1.078057729782664741e-03
7.038641457501731427e-05,2.768445912620815324e-05,2.304393091273065913e-05,1.079793446279516496e-03
7.144157264658486416e-05,2.751122710778940029e-05,2.310024098539679793e-05,1.082275092489452892e-03
7.093473996290046489e-05,2.757438746395796605e-05,2.314237410173646602e-05,1.083941915638130145e-03
7.068659017716185484e-05,2.731280589153483600e-05,2.318774136601912543e-05,1.085864089625139528e-03
7.080932525666579073e-05,2.752252950059219482e-05,2.323407140610471769e-05,1.088020440775269672e-03
7.148996617178316935e-05,2.816442990247802677e-05,2.328066519352197641e-05,1.089862687900566840e-03
7.073895780660548486e-05,2.831699086712655700e-05,2.331659678863206390e-05,1.091579080912302322e-03
7.015945529448692998e-05,2.805450002654952656e-05,2.337105176932708644e-05,1.093670359901565510e-03
6.948574728159050585e-05,2.773140613105830091e-05,2.342942735136294122e-05,1.096017748571447362e-03
6.891168158689117977e-05,2.782171103608543149e-05,2.346585693015316930e-05,1.097581402636805224e-03
6.949254138493601819e-05,2.800547685684631435e-05,2.351500989523362033e-05,1.099851246229216267e-03
6.797965140269559908e-05,2.820541765647316941e-05,2.355775777428533864e-05,1.101543726958398610e-03
6.752207114236590544e-05,2.812946613585826658e-05,2.359685980005845040e-05,1.103515423424415113e-03
6.770309262230118496e-05,2.797066396619546860e-05,2.362626382022197928e-05,1.104820868414371294e-03
6.878092704560469900e-05,2.826507387037127751e-05,2.367820097629550426e-05,1.106825124979012682e-03
7.056244647654699709e-05,2.783993491203039711e-05,2.372093279964695894e-05,1.108528921257239015e-03
7.045878379934313279e-05,2.792934435729574352e-05,2.374859797496194270e-05,1.109548462789440582e-03
7.048468488943418584e-05,2.808487291156661837e-05,2.379998005849117689e-05,1.111375926042189495e-03
6.979845415642915035e-05,2.836699810790712449e-05,2.384407655652554095e-05,1.113149308036555157e-03
6.889269036613466493e-05,2.889711823162662864e-05,2.388084366835505136e-05,1.114908801346724829e-03
6.848090373043042402e-05,2.850867045012089580e-05,2.392146444221305163e-05,1.116817962380466751e-03
6.838577481359712866e-05,2.845795257800616537e-05,2.396536346070531770e-05,1.118978596810499748e-03
6.873230635004012185e-05,2.847214991730774594e-05,2.400297323554162419e-05,1.120969257385860327e-03
6.838945200904904449e-05,2.816910031105196988e-05,2.403767707373074422e-05,1.122606800783692996e-03
6.933483169535058026e-05,2.873668984154256989e-05,2.408364963910138336e-05,1.125076528196390516e-03
7.004108306823526268e-05,2.898808696807155614e-05,2.412973562912958074e-05,1.127023364324901411e-03
7.095484963187789935e-05,2.852702942730294379e-05,2.416554308883171493e-05,1.128606635869784224e-03
7.214461296431396928e-05,2.892243300372792045e-05,2.420107395405389375e-05,1.130084577801427964e-03
7.199387428303092717e-05,2.887643186827655220e-05,2.423614782422040028e-05,1.131316641280370435e-03
7.262295328858643976e-05,2.819905902510434922e-05,2.427727840643720820e-05,1.132651363556937303e-03
7.174771675985582974e-05,2.867027310870226065e-05,2.433144608932523979e-05,1.135031791968303108e-03
6.988521578950869755e-05,2.849132703725633080e-05,2.439284453493081173e-05,1.137660753390527238e-03
7.048532867634015942e-05,2.895763543451304611e-05,2.442194050084042087e-05,1.139032136819639494e-03
7.055885083226262004e-05,2.912709602091224744e-05,2.444135962336914465e-05,1.139440895114815196e-03
7.164561782753104747e-05,2.891909894784016808e-05,2.448551572061152717e-05,1.141290776904242644e-03
7.166944337666626772e-05,2.908549365042449995e-05,2.452212052783430188e-05,1.142726375657209274e-03
7.264563501736408420e-05,2.921845488097626358e-05,2.457507052296053620e-05,1.144778583920417819e-03
7.310411965817183611e-05,2.879454874918101253e-05,2.460045970227506794e-05,1.145811263466103803e-03
7.295635410097434277e-05,2.945457822844353634e-05,2.463698518114517563e-05,1.147400980152216360e-03
7.286212836319790032e-05,2.907985066523050742e-05,2.469009430851283127e-05,1.149949800020189788e-03
7.293718315690089716e-05,2.905958424908275885e-05,2.474121513650507243e-05,1.152001643300017359e-03
7.177238108965003371e-05,2.887080622338295886e-05,2.477683614390585094e-05,1.153367804942752621e-03
7.029074963156711352e-05,2.851107902249391677e-05,2.482341637946443538e-05,1.155567707418339325e-03
6.991053831461228700e-05,2.885575426173260126e-05,2.485557461474380262e-05,1.157232712292726546e-03
6.989897609405156074e-05,3.000473421013153094e-05,2.488513486784532230e-05,1.158363674157840374e-03
7.014366678945583959e-05,2.898041986940031576e-05,2.492540095095291259e-05,1.160103852870848166e-03
6.996927609056878994e-05,2.958011202835856591e-05,2.495448373903011042e-05,1.161529316662473924e-03
7.115698831404087068e-05,2.932741392359862232e-05,2.498378180193872673e-05,1.162994019476605752e-03
7.179044037171081953e-05,2.966013533941342362e-05,2.502976688330937527e-05,1.165072019704654644e-03
7.245499810752316654e-05,3.012684766136633000e-05,2.506392511623969075e-05,1.166670038203807165e-03
7.264414187271693449e-05,3.023602297162753650e-05,2.512004851549324842e-05,1.169049151634060472e-03
7.279030948627547364e-05,2.927111491166685674e-05,2.516754172365494267e-05,1.171217553063533343e-03
7.286662718406175542e-05,2.907407236540653393e-05,2.521656271311802203e-05,1.173186150477958977e-03
7.218732099443065330e-05,2.938251439026429821e-05,2.526451814313958040e-05,1.175484923334067268e-03
7.074052815271793433e-05,2.990776360753471749e-05,2.530955997976044891e-05,1.177597947983355505e-03
7.059536294913831139e-05,2.980329088554164584e-05,2.533734645087962699e-05,1.178861264715507775e-03
7.176466756156502644e-05,3.002350238500211955e-05,2.537091892513434577e-05,1.180396900706701937e-03
7.239128970994759263e-05,2.969710743854116417e-05,2.540725947857367043e-05,1.181991766375855646e-03
7.090953717985582221e-05,2.969372018443811544e-05,2.544251254668824594e-05,1.183546943438566366e-03
7.169782839085364970e-05,3.014275969526439590e-05,2.547033684291886169e-05,1.184966112888054994e-03
7.214228290114039501e-05,2.965295380002284936e-05,2.550379043617019445e-05,1.186780430592836253e-03
7.124275104196953483e-05,3.065122516999225913e-05,2.554599453453952076e-05,1.188839089729655041e-03
7.042051778435424482e-05,2.975032223733234914e-05,2.557371031274961544e-05,1.189970764979193102e-03
7.092178542779716281e-05,3.006729116231786353e-05,2.560644158129025291e-05,1.191292632294757613e-03
7.188956929392301327e-05,3.022180711296762717e-05,2.564729317804964766e-05,1.193185203018719059e-03
7.068745955857497405e-05,3.030243875635006109e-05,2.568146456465893857e-05,1.194619719183291325e-03
6.985331440758010010e-05,3.035605690672402507e-05,2.572039507408261787e-05,1.196171939832542516e-03
7.012832176712005907e-05,3.017733934066212638e-05,2.577609285836463893e-05,1.198420147311460076e-03
7.121930925550162936e-05,2.993816882642151507e-05,2.581799054901611596e-05,1.200125338834771892e-03
7.272044165853841751e-05,2.995607493464561542e-05,2.585622187120772394e-05,1.202035404175401216e-03
7.224446739082799392e-05,3.065253705842202356e-05,2.588559544342065483e-05,1.203261576015269294e-03
7.356229532447646022e-05,3.093717095389383491e-05,2.592856658876562011e-05,1.204993108081514348e-03
7.287356951380541013e-05,3.053380432459490407e-05,2.597591324441237201e-05,1.207001370042265573e-03
7.184620004187923677e-05,3.104479939224074621e-05,2.602358610088401032e-05,1.208761377162101717e-03
7.110947706238146039e-05,3.082054203888145061e-05,2.607570202326759919e-05,1.210736197638365977e-03
7.138099070131628278e-05,3.031366356504721854e-05,2.610109175523764411e-05,1.211734711544299944e-03
7.023120108343608816e-05,3.148939271533684927e-05,2.613612348191358633e-05,1.213484305531890286e-03
7.012571846801421893e-05,3.007659237786650447e-05,2.618543668787582935e-05,1.215340521236855193e-03
7.205522820886949952e-05,3.078382101704378593e-05,2.624118567803948056e-05,1.217793295025662321e-03
7.332786606827868220e-05,3.007385434485710898e-05,2.629256237229493341e-05,1.220053927190788796e-03
7.478147374592088452e-05,3.125726811561242366e-05,2.630432332039907341e-05,1.220490243175972270e-03
7.546837846269372320e-05,3.083420691000759046e-05,2.632490022868970645e-05,1.221276924428597562e-03
7.600740426554822152e-05,3.110755453394143587e-05,2.633849945310415364e-05,1.221744469936217412e-03
7.373502398205483818e-05,3.137149024640934711e-05,2.637009400654704333e-05,1.222932231059532760e-03
7.448011750974114641e-05,3.099939052164541608e-05,2.640232054815597353e-05,1.224510510917624665e-03
7.257273387830783721e-05,3.105257992341345618e-05,2.644856666820139153e-05,1.226638593471740231e-03
7.266980527884277230e-05,3.085159276973276722e-05,2.648071211078643249e-05,1.228410952293240233e-03
7.183881432135875620e-05,3.131357251150153440e-05,2.651562006379534224e-05,1.230059863427657206e-03
7.206115079497717245e-05,3.122153674123188222e-05,2.656245151764375308e-05,1.232364052581519116e-03
7.183807920231438367e-05,3.060439461823511619e-05,2.659969400408138324e-05,1.234048640101814828e-03
7.181102912950963009e-05,3.077590462986413045e-05,2.662739411645376111e-05,1.235332460428963412e-03
7.224873118738067918e-05,3.118216317647336483e-05,2.665791838821991301e-05,1.236638427721478868e-03
7.193408345156387560e-05,3.112927604012115341e-05,2.668561373849812949e-05,1.237922100336418885e-03
7.191856379220359485e-05,3.151182963770462916e-05,2.671396913109289103e-05,1.238952747103847082e-03
7.134322092491029446e-05,3.097966368671860901e-05,2.675289044741483934e-05,1.240686899790774183e-03
7.132990756882949079e-05,3.096148267634187202e-05,2.679245025083123777e-05,1.242211405110209494e-03
7.056301557863277991e-05,3.060244219903210058e-05,2.681937463912962001e-05,1.243560999410245642e-03
7.109574446967325525e-05,3.199003556204491685e-05,2.687762177040573127e-05,1.246089357186010941e-03
7.225926718475435642e-05,3.120241201256178062e-05,2.690983096749972111e-05,1.247456585728196499e-03
7.196090234127920648e-05,3.104224501004974315e-05,2.696432914501741210e-05,1.249897430936072881e-03
7.146565336705646993e-05,3.066356639750874978e-05,2.700203967807774505e-05,1.251681561207001591e-03
7.045118706126482760e-05,3.143243876286998305e-05,2.706843066905361049e-05,1.254601247301775566e-03
7.049300103559743398e-05,3.120233328146053198e-05,2.711117577007717881e-05,1.256516005799410921e-03
6.978366478788787107e-05,3.162434800604411479e-05,2.715482386637913152e-05,1.258566248813139605e-03
7.065272026841527798e-05,3.159776500812212628e-05,2.718831411389716635e-05,1.260082064861388221e-03
7.008173781657043536e-05,3.183234445029126353e-05,2.722536027094754984e-05,1.261939660948497872e-03
7.144951034545533506e-05,3.142707699442312807e-05,2.725516521100962617e-05,1.263553204338193877e-03
7.212217535401711235e-05,3.156954530091482384e-05,2.731242046606336985e-05,1.266316042617900714e-03
7.192047138470927727e-05,3.161194086697899168e-05,2.734804773609871755e-05,1.267959981069467779e-03
7.194767840491105829e-05,3.225109457604557637e-05,2.738514838043168645e-05,1.269334975486520120e-03
7.165658155306218286e-05,3.172601504903400059e-05,2.740590242248612592e-05,1.270559544626167613e-03
7.120911218903261571e-05,3.209745003309820422e-05,2.742374637648348069e-05,1.271511219691881132e-03
7.275485390184715476e-05,3.264610966731769950e-05,2.747017841586305305e-05,1.273895884023684482e-03
7.343934690704899838e-05,3.225116874560234384e-05,2.751536498513590850e-05,1.275996098618365805e-03
7.482460743279416879e-05,3.222249512504882745e-05,2.756370019896134271e-05,1.278157574350597715e-03
7.414751204623323409e-05,3.133174048298833023e-05,2.762017249052111352e-05,1.280807372012330355e-03
7.347674369456931901e-05,3.227285001495837537e-05,2.766898073275299080e-05,1.282804651078575621e-03
7.398861675777169587e-05,3.268035750285441983e-05,2.772457785672179383e-05,1.285199215190978642e-03
7.438938485064391568e-05,3.226679207162053771e-05,2.776669162269559187e-05,1.287397641997255725e-03
7.504045322010590813e-05,3.245673196771055313e-05,2.783058587876390577e-05,1.290346890483583080e-03
7.225084099158295397e-05,3.291197233350316601e-05,2.786572106241397913e-05,1.291767603049332998e-03
7.160027706874433676e-05,3.296732735318157409e-05,2.791227309309987121e-05,1.293494229476100732e-03
7.312826869835845306e-05,3.231914782535668518e-05,2.796513488509600986e-05,1.295599689677703545e-03
7.356123408135749699e-05,3.236042878222075014e-05,2.802209947219966977e-05,1.297899775590051529e-03
7.335634635722770923e-05,3.238870178784846468e-05,2.806419447776422948e-05,1.299557602397818706e-03
7.389240237375762103e-05,3.263414803559779742e-05,2.808739071116036248e-05,1.300425868455840246e-03
7.409602862867317957e-05,3.307025281489466343e-05,2.812936304997836677e-05,1.302312191104422132e-03
7.448836221985770064e-05,3.251629206496760711e-05,2.817890828763161700e-05,1.304254185152696260e-03
7.347138531394572299e-05,3.235046951929064133e-05,2.820946133130253930e-05,1.305144783900755558e-03
7.224853402422065391e-05,3.312114351324469444e-05,2.825504282779470931e-05,1.306903488103020126e-03
7.194349518886971207e-05,3.309756607306193143e-05,2.830835000325421734e-05,1.309257582914973538e-03
7.125763096283694957e-05,3.288839612458285691e-05,2.834143916958440141e-05,1.310889016541347697e-03
7.006942939098957125e-05,3.249313829706654982e-05,2.836780222774836741e-05,1.311991998305156839e-03
6.944091015198578670e-05,3.314675842109557650e-05,2.839777650178333990e-05,1.313427789149744507e-03
7.013514147419881630e-05,3.273537055460829643e-05,2.840851767513511599e-05,1.313911038268048741e-03
7.205540686823859095e-05,3.272323863735489730e-05,2.844928726271752780e-05,1.315717031347683665e-03
7.335707526128290579e-05,3.267977038583999040e-05,2.848492450871848233e-05,1.317329151212710868e-03
7.324185888505739398e-05,3.270944533054926664e-05,2.852372320255407417e-05,1.319307097312087456e-03
7.340110723803626523e-05,3.291135980681601862e-05,2.856391263603571081e-05,1.321511820638881759e-03
7.360025905265594060e-05,3.350864632812583776e-05,2.859750238702710133e-05,1.322868679252000830e-03
7.241117869723221812e-05,3.292776673638571816e-05,2.862624646543881720e-05,1.324275041829057987e-03
7.333683915752481678e-05,3.252012684309541467e-05,2.866353508020303917e-05,1.325757210761969399e-03
7.381423395131064390e-05,3.303811504610438182e-05,2.868777769721855218e-05,1.326815944934449983e-03
7.303252069052598911e-05,3.380007786673798860e-05,2.872066681234756265e-05,1.328331772459789579e-03
7.250468512109628505e-05,3.408223139421007745e-05,2.875197577830545297e-05,1.329545844248759779e-03
7.283576510579693156e-05,3.345829857612128943e-05,2.877422320968784026e-05,1.330661555596417741e-03
7.308559846907061524e-05,3.381400208584272747e-05,2.881064590227136541e-05,1.332160067027711057e-03
7.393703640448078256e-05,3.284054117922287857e-05,2.883801556220122049e-05,1.333214588179264509e-03
7.416433070043435243e-05,3.298680650655226246e-05,2.886205543896200041e-05,1.333807998926732786e-03
7.404894263215126967e-05,3.334438084767790260e-05,2.890047909962427619e-05,1.335321691374559807e-03
7.460540458106201995e-05,3.376696281319516667e-05,2.892705088401759681e-05,1.336618616705613580e-03
7.240411617387307276e-05,3.397951759904661867e-05,2.896403120392226791e-05,1.338055872272964466e-03
7.232227853452785637e-05,3.348844732405398012e-05,2.901274509726901901e-05,1.339830555276047986e-03
7.344882426315437276e-05,3.352304893261466465e-05,2.904598809143846695e-05,1.341107048985037617e-03
7.378912159363696830e-05,3.399482491316739683e-05,2.906648451978685691e-05,1.341701745224541846e-03
7.422604387370127963e-05,3.355894345401862384e-05,2.909928718789913692e-05,1.343174402319162941e-03
7.498865704835796294e-05,3.370517655976541435e-05,2.913697820670578577e-05,1.344826565572920882e-03
7.435550019459329356e-05,3.360716220966980094e-05,2.917604189610642311e-05,1.346419253079524743e-03
7.384841173276740240e-05,3.388072544358062155e-05,2.921105594496115285e-05,1.347942643958608419e-03
7.378958398472439638e-05,3.365323551951571234e-05,2.923438764145515437e-05,1.349025993964248805e-03
7.331550430549386120e-05,3.338658538162568888e-05,2.926982422484851896e-05,1.350400711490757234e-03
7.397892535428550877e-05,3.396756452666008019e-05,2.929946916737527379e-05,1.351608513649310605e-03
7.432125482963710999e-05,3.343694212100373859e-05,2.933059656719898663e-05,1.352940389672861211e-03
7.357779393072653095e-05,3.398194068749749354e-05,2.936836113442211775e-05,1.355011066509393628e-03
7.413703747653325484e-05,3.394216613485248553e-05,2.939919969274118160e-05,1.356471406001267480e-03
7.403683390226990302e-05,3.415710429148503298e-05,2.942879061590245149e-05,1.357784520610791790e-03
7.414124256764757532e-05,3.352919673503401563e-05,2.948082237035982417e-05,1.359814499967666431e-03
7.485272035862472776e-05,3.363253410808199356e-05,2.953150429581524644e-05,1.362295911033937221e-03
7.509548938143919324e-05,3.345130152083329388e-05,2.958045241718636718e-05,1.364728930302800671e-03
7.333701267945382006e-05,3.346529421573744497e-05,2.961000894410518761e-05,1.365932951694479773e-03
7.332400681453919917e-05,3.377774927602893612e-05,2.963639777443977897e-05,1.367328555020264243e-03
7.477671954358913048e-05,3.435200335252179115e-05,2.968427486048927374e-05,1.369339184913237733e-03
7.442678789146655563e-05,3.472974057603796607e-05,2.973413539495931639e-05,1.371632951407621972e-03
7.345559895676848105e-05,3.387422451892806120e-05,2.977243603815584415e-05,1.373239797795118436e-03
7.378397291419291611e-05,3.409808731041110959e-05,2.982550520160222841e-05,1.375535293508521736e-03
7.327540421008373137e-05,3.405025871722027598e-05,2.984357023511031306e-05,1.376664507878013616e-03
7.211187489370434617e-05,3.461627682715735668e-05,2.986587332425459440e-05,1.377741734710497337e-03
7.257477051747718766e-05,3.443189972785199165e-05,2.990038815098361241e-05,1.379253530125961564e-03
7.258876946165991953e-05,3.443573774309069592e-05,2.993969867197241138e-05,1.380772731010684656e-03
7.417109784112530294e-05,3.421607737617277627e-05,2.997989060039686171e-05,1.382748511601560428e-03
7.479738104557297922e-05,3.499687878525964429e-05,3.001622247856708546e-05,1.384547830091841696e-03
7.429436671376135766e-05,3.524230688142342962e-05,3.005148576926899111e-05,1.385789927585320304e-03
7.215443834177809118e-05,3.466572128278550013e-05,3.008035330295535600e-05,1.386843052235925021e-03
7.169255940522422776e-05,3.412741103478793926e-05,3.012546045410629812e-05,1.388487705349860865e-03
7.233071241533562074e-05,3.438319440124757424e-05,3.016176351530087764e-05,1.389880405553265254e-03
7.273604578748028263e-05,3.467679268898773732e-05,3.022340418129651658e-05,1.392356233273759443e-03
7.327004167345973530e-05,3.416368032273634262e-05,3.024668845295566964e-05,1.393450964330977338e-03
7.375024820696311084e-05,3.496534462249629261e-05,3.026532834652281145e-05,1.394080099397171282e-03
7.419207342005376584e-05,3.488626705591275473e-05,3.028606545279316002e-05,1.395173069899409814e-03
7.475735585870672188e-05,3.454279391747087718e-05,3.031236351191938478e-05,1.396007687405134440e-03
7.431112725098417803e-05,3.455455593029308728e-05,3.034780937805327004e-05,1.397490758761372673e-03
7.466325449833545089e-05,3.490096995637805531e-05,3.040211208938491799e-05,1.399978112903777329e-03
7.318100022685000868e-05,3.443057437004700810e-05,3.041452486977766289e-05,1.400783895586514517e-03
7.420995781323954971e-05,3.521101662184746549e-05,3.042940398042928140e-05,1.401380242014178910e-03
7.597505236511538059e-05,3.513723635039014547e-05,3.043481071736194669e-05,1.401867073486402293e-03
7.569690301824396326e-05,3.528259559027226969e-05,3.046804116433037774e-05,1.403198097061176403e-03
7.545289634060348767e-05,3.499901065669531531e-05,3.050799501467438464e-05,1.404616743223224742e-03
7.522890342976271366e-05,3.501694770864216528e-05,3.053088037432406755e-05,1.405479654741322634e-03
7.384913370560621524e-05,3.505649161989152918e-05,3.056862176090394172e-05,1.407238691795580131e-03
7.328154485072228396e-05,3.498016694045883948e-05,3.061671952652540371e-05,1.409404651401933214e-03
7.450403790959582201e-05,3.512258733148492689e-05,3.065234196025592609e-05,1.411085701445640361e-03
7.590989996851909530e-05,3.522461542644554324e-05,3.069189804164790990e-05,1.413044645003341772e-03
7.614656088321713524e-05,3.495962911547824040e-05,3.073484446542723992e-05,1.414659637573372321e-03
7.564917970190181715e-05,3.487507736630071056e-05,3.076634164682084965e-05,1.416056864260741921e-03
7.562750477406958828e-05,3.530426037245071124e-05,3.080136340431422826e-05,1.417391309444560954e-03
7.575788498529828713e-05,3.573543062404786351e-05,3.082784614605199613e-05,1.418438235554498163e-03
7.598536003181638357e-05,3.567051826714800415e-05,3.084723864295717965e-05,1.419159714194010054e-03
7.680325356549756787e-05,3.558675749781466509e-05,3.089432091822298464e-05,1.421148759055653518e-03
7.634097846851369581e-05,3.509833285043723018e-05,3.092112791988904115e-05,1.422209506189644904e-03
7.734070186322272071e-05,3.530203864697450456e-05,3.095163302212323395e-05,1.423598435993029317e-03
7.637086187174182419e-05,3.601890283811955227e-05,3.097972272944035698e-05,1.425165221373509957e-03
7.579897337549300893e-05,3.629439816009026094e-05,3.101624095482670472e-05,1.426992642392778702e-03
7.649983901806532455e-05,3.598898396524810849e-05,3.103805797956087336e-05,1.427910080147447606e-03
7.625649288495307636e-05,3.564388558770084577e-05,3.108702330365746802e-05,1.429901296916767780e-03
7.567187720601985972e-05,3.527543857106288594e-05,3.112654917653741586e-05,1.431352231393588853e-03
7.635399538809145592e-05,3.494962557241511130e-05,3.116068962165592963e-05,1.432458345123533653e-03
7.600949068453600934e-05,3.500616430042186988e-05,3.118646132194510421e-05,1.433603437894543199e-03
7.596872413039242359e-05,3.518078011124967894e-05,3.120802968529127688e-05,1.434520908378827128e-03
7.509211874742254499e-05,3.595582923920307149e-05,3.123227825133066297e-05,1.435386865485310456e-03
7.415034326037204431e-05,3.577851939816198066e-05,3.126014000142834676e-05,1.436723681642490275e-03
7.404615969768956352e-05,3.638468626653265826e-05,3.128977517441985706e-05,1.437969308958140418e-03
7.445077760360132202e-05,3.605071506591911055e-05,3.131700857217864384e-05,1.439439613504787593e-03
7.638203413913998926e-05,3.573282474209292086e-05,3.135737807112402045e-05,1.441605598868907472e-03
7.566922286568437289e-05,3.570991883241218719e-05,3.138796647871252047e-05,1.443012470899564595e-03
7.442970130817665381e-05,3.613719957951050046e-05,3.141168389014143851e-05,1.443909728042754720e-03
7.425990870774495088e-05,3.610294943273177561e-05,3.144643798913174221e-05,1.445614660702004188e-03
7.473354606333359313e-05,3.592771874740924933e-05,3.148676981124119738e-05,1.447353211193002937e-03
7.428321242189827483e-05,3.556446415162799429e-05,3.151373273998611300e-05,1.448263389569535899e-03
7.499193867629741733e-05,3.595696488313895618e-05,3.155652420594210963e-05,1.450330318579822354e-03
7.737145379178954742e-05,3.608619402478943948e-05,3.160196293997250173e-05,1.452382829951851710e-03
7.942279889293261486e-05,3.598099581407545726e-05,3.162750935640590375e-05,1.453659038197199034e-03
7.871577899775533422e-05,3.534732034231686723e-05,3.163865907351072368e-05,1.454146213003377867e-03
7.950977577674475118e-05,3.604361856362993719e-05,3.166176326841207728e-05,1.454956300533521768e-03
7.843218828674232803e-05,3.576901904577999073e-05,3.169326360367126310e-05,1.456653357633245745e-03
7.819162572512810812e-05,3.651819034200317081e-05,3.174061001830066827e-05,1.458256954463960347e-03
7.726695610325066369e-05,3.577560706841261765e-05,3.178432598930191734e-05,1.460253094876745247e-03
7.690746684015206712e-05,3.606272982194388098e-05,3.182203009548349997e-05,1.461592564711254160e-03
7.715892133725337952e-05,3.669045978626779125e-05,3.184818257706998278e-05,1.462458683955201099e-03
7.769756140050363834e-05,3.626276952257671561e-05,3.186928223629206575e-05,1.463675447978403290e-03
7.760385100769990566e-05,3.667511783267320152e-05,3.189812356716365444e-05,1.464808143863365834e-03
7.738894572253999192e-05,3.623109020349625585e-05,3.193747416532744069e-05,1.466455891531115181e-03
7.781871780307088088e-05,3.635521756148052278e-05,3.196720041537858204e-05,1.467564220741523779e-03
7.703397369177337421e-05,3.675134903568929516e-05,3.199283406985939068e-05,1.468163310819962843e-03
7.585054569807856263e-05,3.644693917165306820e-05,3.202609137322374018e-05,1.469685990550212039e-03
7.674894353380057397e-05,3.670110990734688842e-05,3.205222217113386381e-05,1.470641103244553060e-03
7.496426684326709655e-05,3.682042764119006792e-05,3.208793224066994030e-05,1.472073969413115928e-03
7.554695648413562641e-05,3.596487178914039255e-05,3.213331911214050601e-05,1.474110767317171871e-03
7.483600889507366935e-05,3.636767900297577921e-05,3.216529681378396070e-05,1.475611573610150851e-03
7.535798288576677113e-05,3.662307582950630755e-05,3.219005243456057441e-05,1.476740056439839171e-03
7.607806141815559456e-05,3.647027130327783889e-05,3.221413347837785306e-05,1.478039297709754420e-03
7.567365014470867751e-05,3.692654817942651917e-05,3.225741178892838166e-05,1.479631477837823478e-03
7.765403117164736125e-05,3.713388749313664396e-05,3.228804448692882296e-05,1.480637695651854623e-03
7.752867978054227489e-05,3.685859369548053903e-05,3.232869221625622481e-05,1.482705517857045834e-03
7.656893459633799944e-05,3.668309843961192485e-05,3.234880435902985158e-05,1.483565533070692029e-03
7.622328394001176674e-05,3.699260670498281006e-05,3.238352734154349108e-05,1.485003353305437788e-03
7.556546050956898075e-05,3.644617520770647342e-05,3.240852267052273292e-05,1.486287755103647126e-03
7.658250899159643570e-05,3.684294794201057661e-05,3.244220420314284460e-05,1.488097683157469688e-03
7.658650098040292926e-05,3.679662292349584422e-05,3.247366583138356434e-05,1.489711459487731400e-03
7.630093958614852059e-05,3.686257922898889032e-05,3.251100874285910554e-05,1.491675751184671573e-03
7.669974991820695156e-05,3.662425223566238380e-05,3.255092064797456176e-05,1.493414177029609271e-03
7.768706211911040967e-05,3.692209446461556290e-05,3.258019720604926389e-05,1.494585031435296304e-03
7.600446440007214868e-05,3.793590026683346807e-05,3.261957423880655762e-05,1.496210742223378449e-03
7.571748118520005007e-05,3.771009569548840190e-05,3.265316142532574380e-05,1.497343730933792597e-03
7.670012849761477795e-05,3.697620512528162150e-05,3.269695375620268403e-05,1.498963567147412008e-03
7.807020380633577031e-05,3.719215881344306075e-05,3.272084500843819299e-05,1.499596454838587108e-03
7.954086967536545534e-05,3.689542559489444168e-05,3.276907393014309890e-05,1.501530726272196298e-03
7.815808064980431886e-05,3.641363309368527622e-05,3.280635796267834255e-05,1.503253956780616074e-03
7.757626362626390284e-05,3.708463084623397433e-05,3.285586632543093785e-05,1.505968347776576307e-03
7.773511244081168022e-05,3.648126448743503066e-05,3.289125281423927052e-05,1.507651293801824275e-03
7.656360706834674200e-05,3.749718837134139680e-05,3.292157912601779014e-05,1.508721171824675559e-03
7.623018877576941035e-05,3.692418949303537246e-05,3.293382141001785550e-05,1.509271468664883124e-03
7.576933195990811522e-05,3.751206687105785421e-05,3.297153602726771800e-05,1.511007086803492321e-03
7.610476675984307942e-05,3.825429478494117087e-05,3.298407172782557114e-05,1.511540139821164865e-03
7.521507022913291086e-05,3.775697114547702627e-05,3.300804968488784297e-05,1.512698320509366263e-03
7.642660176547299905e-05,3.815292317715995109e-05,3.304428338465380737e-05,1.514400330875754043e-03
7.850585510091273405e-05,3.783047915671623236e-05,3.308094121184267837e-05,1.516037986352899341e-03
7.874505513977494043e-05,3.713824956732877366e-05,3.312941674702264781e-05,1.518049024555153531e-03
7.690210805566816273e-05,3.759365525477940864e-05,3.317058230005428746e-05,1.519570915894980119e-03
7.638893196240252896e-05,3.836626966456684528e-05,3.322164127396037169e-05,1.521650214438797491e-03
7.574423101922780758e-05,3.774940267962233361e-05,3.326371832282165147e-05,1.523287063522604833e-03
7.514590810331398093e-05,3.714426849960855551e-05,3.329637337523824655e-05,1.524778459309263654e-03
7.434587561611313866e-05,3.769881191769712054e-05,3.332827011256139722e-05,1.526649942934046314e-03
7.462531718237304271e-05,3.766956080062501484e-05,3.336792045174092350e-05,1.528426911427768157e-03
7.601120980916431958e-05,3.745635355627941572e-05,3.337877623401240866e-05,1.528888065022540469e-03
7.712884575079286963e-05,3.802649666247296713e-05,3.339656803653269078e-05,1.529695966104592780e-03
7.868517117067657383e-05,3.843426301901373251e-05,3.342833990963011841e-05,1.530859751608399733e-03
7.987355293060216901e-05,3.768916579896169553e-05,3.345900367713327709e-05,1.531882093466075843e-03
7.910723685088840297e-05,3.750724580924019594e-05,3.349477016594739617e-05,1.533272068167629114e-03
7.759103872170949661e-05,3.733002052108332373e-05,3.353666129747403434e-05,1.535188841127178372e-03
7.633528509231591837e-05,3.740467668481781545e-05,3.358589200989890597e-05,1.537169710059003470e-03
7.675777043588636337e-05,3.756363966393053367e-05,3.362079153102710328e-05,1.538670776464645413e-03
7.676669103204407645e-05,3.755560925726939974e-05,3.365609949228697201e-05,1.540102659648577305e-03
7.569437115278234698e-05,3.802752975478352482e-05,3.369556208065480161e-05,1.541622955444738605e-03
7.557109121731787741e-05,3.821531873495875430e-05,3.372882533655493121e-05,1.542542511411670869e-03
7.439852691456169394e-05,3.844462857784957418e-05,3.374847365951067103e-05,1.543137413310771006e-03
7.523992571759956997e-05,3.859820841867847325e-05,3.377337214514231523e-05,1.544060463655333839e-03
7.645913091986061296e-05,3.739874535892946059e-05,3.379632753204925223e-05,1.544774660362904827e-03
7.663186917320670703e-05,3.814766871930382096e-05,3.383030043120280328e-05,1.546327854319980545e-03
7.817182402376744114e-05,3.868760567808778652e-05,3.385969649954089883e-05,1.547892370942975703e-03
7.929845922327229547e-05,3.839236706621406808e-05,3.390119334798234524e-05,1.550251434743607319e-03
7.934228576099651745e-05,3.830025127259141380e-05,3.393831698574841974e-05,1.552106812835905066e-03
7.844990675207992256e-05,3.858929613656759885e-05,3.396461987231127880e-05,1.553421326678918650e-03
7.937895528936831876e-05,3.899940722312949539e-05,3.399400739323427931e-05,1.554288811041346736e-03
7.945579626791425272e-05,3.869819612518610684e-05,3.401251098486639111e-05,1.555133653261776263e-03
7.939533470322014436e-05,3.776991504458768564e-05,3.404870039132815585e-05,1.556932122786592329e-03
7.902260433490154235e-05,3.852226011767198480e-05,3.408550696666772547e-05,1.558693274029072755e-03
7.714738252931844099e-05,3.871059747744805762e-05,3.411865094971358017e-05,1.560393681528902954e-03
7.577109163699586008e-05,3.884319991284415294e-05,3.414924504781255486e-05,1.561814262016758678e-03
7.678470979202919064e-05,3.831928001522106974e-05,3.418591414985807097e-05,1.563581727462188447e-03
7.682847456094108471e-05,3.802845091142522549e-05,3.422581325918980748e-05,1.565353605625078746e-03
7.585972571254907544e-05,3.836794523815445886e-05,3.425613297454049605e-05,1.566671397673954913e-03
7.675775494247109680e-05,3.823843666944471900e-05,3.428306911608560012e-05,1.567790820598452366e-03
7.808950324840741432e-05,3.897319919473227700e-05,3.430156393299383093e-05,1.568548027906640444e-03
7.819387075192831308e-05,3.887688529894694242e-05,3.431922748746180519e-05,1.569081046649230867e-03
7.566338631481191049e-05,3.864845433215903904e-05,3.434862446168977936e-05,1.570121255934193169e-03
7.589138076015538854e-05,3.844776420117922518e-05,3.439668219196581405e-05,1.572275643266683775e-03
7.700014508914121002e-05,3.873345419124425612e-05,3.442134989212617866e-05,1.573547999244154878e-03
7.731743816607689957e-05,3.904121590212568713e-05,3.446591794554760001e-05,1.575390323534521086e-03
7.656290747054313053e-05,3.889941563295311848e-05,3.449102255344598715e-05,1.576761789229393952e-03
7.638475885528086553e-05,3.907257130155658711e-05,3.452027220066190079e-05,1.578061019739207191e-03
7.673881840955187558e-05,3.950849598022521488e-05,3.453686776909565789e-05,1.578489964810422070e-03
7.691033272317547532e-05,3.926109776660813218e-05,3.455811239572668112e-05,1.579039758751662158e-03
7.697894689807543219e-05,3.858678361033007949e-05,3.457557574581017197e-05,1.579498848021859692e-03
7.726491053670675371e-05,3.852248943933638513e-05,3.458992143255109280e-05,1.580387041288628270e-03
7.773568065587823164e-05,3.822979235258169530e-05,3.462792851510879322e-05,1.581982554087654454e-03
7.863567585671097791e-05,3.909050868721342543e-05,3.464762975721787927e-05,1.582931515283138735e-03
7.949348525290184520e-05,3.982021850449176417e-05,3.467755308931607988e-05,1.584255558182393227e-03
8.098947615923720884e-05,3.893118866436778977e-05,3.471770937657585174e-05,1.586091069572067918e-03
7.980371143390991998e-05,3.919786430902605346e-05,3.476313127626282209e-05,1.588076399985062547e-03
7.844082739426035209e-05,3.918768089188911808e-05,3.479929671315155632e-05,1.589622877178174234e-03
7.757867496454184020e-05,3.986357348692749639e-05,3.482367067407096201e-05,1.590605765500455269e-03
7.698854125558459772e-05,3.945775562611674315e-05,3.484902508642953394e-05,1.591623775820928894e-03
7.723085364247665643e-05,3.926053939795348137e-05,3.485943160341470299e-05,1.591975171569790957e-03
7.756458202568637249e-05,3.876582189647767378e-05,3.489399842792049219e-05,1.593453024038079353e-03
7.891543463428189265e-05,3.897066019021347270e-05,3.492757385218201339e-05,1.594767624975661690e-03
7.909586354511756185e-05,3.935925740058187424e-05,3.495371584786711018e-05,1.595486239677014473e-03
7.908803294091423688e-05,3.928516233832430937e-05,3.498727196472485178e-05,1.596726702527714089e-03
7.917274038441906366e-05,3.939445881156238764e-05,3.501785971571645716e-05,1.598128224217538291e-03
7.833682087917149812e-05,3.931464364008845520e-05,3.504366768544795591e-05,1.599464501977137035e-03
7.807743486557266067e-05,3.909055549012060380e-05,3.508841560046121116e-05,1.601518124358718110e-03
7.906984156231715917e-05,3.929620408266838537e-05,3.511709902994458678e-05,1.603030278524402190e-03
7.959125396958951712e-05,3.925140362842340975e-05,3.512765812660824155e-05,1.603655681944569228e-03
7.827467187430571939e-05,3.970638779706605454e-05,3.516284766643684598e-05,1.605299555925584999e-03
7.664718686718094930e-05,3.929833416739144639e-05,3.519879853339478732e-05,1.606784074104692208e-03
7.757578325774909381e-05,3.909917820337257654e-05,3.523693950375484226e-05,1.608280290566676532e-03
7.683406600230369631e-05,3.930986615297092629e-05,3.527442197522403806e-05,1.610138437063596576e-03
7.728427519962972750e-05,3.972168055428636143e-05,3.531191955158812136e-05,1.612256693666902409e-03
7.950929919560272843e-05,3.948572739816693332e-05,3.534404511266588063e-05,1.613878523760145078e-03
7.993238666375828273e-05,3.996208069962874342e-05,3.538385393046761354e-05,1.615752712825379266e-03
7.887980439114890610e-05,3.942611623745177741e-05,3.542074987653349061e-05,1.617458696314609708e-03
7.939793733293666297e-05,3.980964303391954629e-05,3.543345180794842602e-05,1.617992572157280276e-03
7.922495539473775486e-05,4.054068163921533573e-05,3.547461627851824096e-05,1.619900350499378291e-03
7.931665201132132828e-05,3.965747859989563926e-05,3.550583572002637128e-05,1.621429304162799734e-03
7.972132082554186461e-05,3.961108328071743649e-05,3.552755738357839331e-05,1.622644555756697082e-03
7.977404181190891452e-05,4.019385309610716317e-05,3.555774189120748294e-05,1.624130745255817233e-03
7.783953758198642464e-05,4.035606405592101313e-05,3.559197244429621536e-05,1.625651886126959229e-03
7.721979166938928519e-05,3.923655463285415849e-05,3.561830238255198462e-05,1.627142622974519885e-03
7.689903166249926580e-05,4.072703817306994815e-05,3.564172295626043583e-05,1.628444702042246761e-03
7.754565619743109960e-05,3.995269467552341024e-05,3.567985075988448551e-05,1.630095125873580464e-03
7.810601470259852784e-05,4.007062940675821291e-05,3.572884713990394850e-05,1.632229967137209525e-03
8.018246268607651724e-05,4.053989986535805633e-05,3.576938357460288928e-05,1.634141523548065991e-03
8.109680556302769879e-05,4.038103098080549134e-05,3.581086765093776183e-05,1.636052903695964884e-03
8.128579338929187810e-05,4.000535101750966942e-05,3.584556023564192156e-05,1.637258832193000651e-03
8.061958820101320061e-05,4.067937259949197190e-05,3.587618020078104129e-05,1.638604390852525143e-03
8.083360943697690730e-05,4.035403427345339930e-05,3.590014357997885772e-05,1.639701213780748231e-03
8.038742853261053481e-05,4.024594971121322101e-05,3.594157485393565976e-05,1.641211667824230220e-03
7.952031349028707171e-05,4.058425198406695017e-05,3.598220613582215889e-05,1.642983320947795671e-03
7.883928459727481894e-05,4.109301805568562341e-05,3.601382326706861439e-05,1.644338124011915500e-03
7.840478544336113844e-05,4.009631571175011549e-05,3.604343189160745233e-05,1.645556310663463329e-03
7.955551370978448857e-05,4.022891341112251736e-05,3.607261162863725280e-05,1.646928348483629083e-03
7.941631013908070382e-05,4.063952152476487669e-05,3.610595825980431864e-05,1.648527752244158782e-03
8.089740715066525518e-05,4.050181024556569995e-05,3.613351659227384213e-05,1.650055407896683325e-03
8.190100631522967130e-05,4.058373529421317895e-05,3.616977506153047785e-05,1.651909779387325094e-03
8.052904871059968239e-05,3.969393391920413185e-05,3.621538345818625627e-05,1.654264122499011494e-03
8.124449865680406432e-05,4.012999741610779030e-05,3.624449312269107835e-05,1.656087151765387681e-03
8.114998840293608136e-05,4.091007566333738443e-05,3.626360372308222278e-05,1.657273853490935384e-03
7.965328384442152301e-05,4.117033226067881650e-05,3.627877780346178870e-05,1.658052672116171666e-03
7.952436994992782187e-05,4.129579795568762021e-05,3.631760677925840129e-05,1.659875949035803612e-03
7.912080063534067376e-05,4.114694544959165832e-05,3.634715578968660780e-05,1.661325317508460450e-03
7.850887446649800719e-05,4.063165343490418520e-05,3.637163008046675230e-05,1.662528548898186591e-03
7.788458083963993692e-05,4.048105266477087415e-05,3.640275922182421815e-05,1.663818421437550290e-03
7.727349169239197853e-05,4.052498516031737848e-05,3.644695134528002251e-05,1.666116889018889576e-03
7.667241325751290024e-05,4.092590344269431818e-05,3.647631464238322780e-05,1.667455343142858291e-03
7.634188721102042312e-05,4.075247313775725693e-05,3.651120398847824581e-05,1.669113503196008146e-03
7.607841282725037019e-05,4.063262222742119203e-05,3.654074390310355183e-05,1.670379522110929842e-03
7.610388346675198471e-05,4.075457100487008547e-05,3.656046288549271480e-05,1.671176266594079840e-03
7.678461491757949064e-05,4.068023314956928198e-05,3.657974785758531084e-05,1.671755229506400025e-03
7.809596582736695299e-05,4.157671717225194699e-05,3.660232351722553424e-05,1.672623824786721161e-03
7.813893434767905032e-05,4.084409502259961540e-05,3.663103496231394346e-05,1.674084797337968382e-03
7.920626782944301786e-05,4.114779566777105387e-05,3.666732004972986182e-05,1.675882326392318404e-03
7.843750972503547663e-05,4.099846714710072247e-05,3.669198276184261313e-05,1.677095587555497936e-03
7.757847351179759704e-05,4.069718204551275875e-05,3.672028464832672006e-05,1.678545905710182454e-03
7.684300278136756656e-05,4.114395776225436162e-05,3.676047513591433049e-05,1.680372278923564222e-03
7.588368651427937592e-05,4.151283985140822485e-05,3.679690411625356875e-05,1.682038075243919668e-03
7.634103983801948645e-05,4.155456768818293614e-05,3.682440740770795737e-05,1.683183376058341790e-03
7.683319381001366610e-05,4.088653151876155459e-05,3.685836734162741782e-05,1.684654327520571700e-03
7.670860577716981181e-05,4.147507815167246242e-05,3.688463298377909490e-05,1.685664647014917684e-03
7.668207134155102952e-05,4.137848936688996319e-05,3.690962817414818474e-05,1.686906211878919960e-03
7.819830751895882361e-05,4.187823102676851094e-05,3.694338562197371989e-05,1.688320744539205344e-03
7.822611721211786620e-05,4.105987399005952480e-05,3.696752614618390641e-05,1.689397386582064788e-03
7.754927032622818456e-05,4.062848741397443418e-05,3.699712657807867821e-05,1.690812013714745789e-03
7.789550865424121646e-05,4.036283460658968104e-05,3.701543826026072775e-05,1.691495205357157168e-03
7.882390267122578529e-05,4.143806077736680090e-05,3.705342720676739726e-05,1.693332965779477959e-03
7.918248674659110063e-05,4.119559428008124860e-05,3.706913955049259479e-05,1.694029533926455239e-03
7.973349691410697973e-05,4.146555593070391392e-05,3.709981872470290674e-05,1.695669713621036738e-03
8.206249410683464545e-05,4.241754483664759697e-05,3.713361703186529090e-05,1.697212517497270756e-03
8.196919534862857719e-05,4.212899150486286638e-05,3.716734517348335443e-05,1.698822894174047094e-03
8.065992428648547123e-05,4.188180870778636649e-05,3.718363042485756017e-05,1.699340538306766922e-03
8.047843829723030787e-05,4.147046392588703994e-05,3.719229260007026383e-05,1.699721772357770362e-03
8.118840220173848985e-05,4.217973732322466906e-05,3.719229765527349522e-05,1.699721976233254783e-03
